	AAPL	AMZN	SPY	TSLA	IBM	JNJ
AAPL	0.0036267334295455294	0.00044850307353791	0.0008322144019627927	0.0032545011790487684	0.00011636815405250172	0.000875389687485149
AMZN	0.00044850307353791	0.004512436874685971	0.001665856436905466	0.005571457867627898	0.0018876450045593024	-0.0005365513794125161
SPY	0.0008322144019627927	0.001665856436905466	0.0012923188546392695	0.0024208632725940225	0.0015598796370651776	0.0005784511208074824
TSLA	0.0032545011790487684	0.005571457867627898	0.0024208632725940225	0.02670344538480391	0.002128498222802058	-0.0013510797055863962
IBM	0.00011636815405250172	0.0018876450045593024	0.0015598796370651776	0.002128498222802058	0.0065047642862439475	0.0006911451348281076
JNJ	0.000875389687485149	-0.0005365513794125161	0.0005784511208074824	-0.0013510797055863962	0.0006911451348281076	0.0025283620233793485
