asset	estimated_return
AAPL	0.015442015959873368
AMZN	0.028060829327972395
SPY	0.01966649889205584
TSLA	0.02531290373212718
IBM	0.030340049377650752
JNJ	0.009575184745419721
