asset	estimated_return
AAPL	0.016214772846501583
AMZN	0.027564844435711933
SPY	0.01896009914181142
TSLA	0.026225034055689763
IBM	0.029901549593795363
JNJ	0.009313801008345937
