asset	estimated_returns
AAPL	0.016033509451665314
AMZN	0.027620340784796776
SPY	0.018857341139161807
TSLA	0.02635108234050075
IBM	0.029593523725234435
JNJ	0.009417279309549631
