	AAPL	AMZN	SPY	TSLA	IBM	JNJ
AAPL	0.0034833790618704194	0.0004198038242039357	0.0007829299467679396	0.003129916116251254	0.00010317358820961151	0.0008324794120584023
AMZN	0.0004198038242039357	0.004322147991411345	0.001601835057690168	0.005318362900389148	0.0018107921347194952	-0.0005101113651560855
SPY	0.0007829299467679396	0.001601835057690168	0.0012481080761153223	0.002300145754587245	0.001499490837604549	0.0005577332500548765
TSLA	0.003129916116251254	0.005318362900389148	0.002300145754587245	0.02556239358169911	0.0020263497690509854	-0.0012980621676267471
IBM	0.00010317358820961151	0.0018107921347194952	0.001499490837604549	0.0020263497690509854	0.006226557952829276	0.0006638450084388241
JNJ	0.0008324794120584023	-0.0005101113651560855	0.0005577332500548765	-0.0012980621676267471	0.0006638450084388241	0.002420074895288521
