asset	allocation
AAPL	0.09370677043342075
AMZN	0.03764907618148717
SPY	0.6043924139992006
TSLA	-1.2575468003300187e-19
IBM	-1.3684764717619535e-18
JNJ	0.2642517393858915
