asset	allocation
AAPL	0.08830520141280812
AMZN	0.03344400484081189
SPY	0.6166676314924802
TSLA	-1.382538660280972e-19
IBM	-1.3540620485315222e-18
JNJ	0.26158316225389994
