asset	allocation
AAPL	0.0939424232629019
AMZN	0.040070187836149976
SPY	0.5993032080229012
TSLA	-1.0188406024312826e-19
IBM	-1.3248589244892309e-18
JNJ	0.26668418087804685
